episode_success,object_success,avg_soft_score,rearrange_quality,map_coverage,misplaced_objects_start,misplaced_objects_found,steps,pick_place_efficiency,success_pick_place,success_look_at,path_efficiency
0.56,0.8596666666666667,0.5874333333333334,0.5607528726839739,110.23907500000004,3.98,0.9016666666666666,712.4,0.9658333333333334,0.991797619047619,0.9292423132423133,0.8525231108581472
0.049888765156985884,0.018404636365074965,0.00888018576463161,0.01523662230112197,1.2116802428561881,0.07518327774528889,0.015509491681257606,18.77676944277345,0.00991016041551697,0.003301352068362692,0.010021120591516088,0.013946065697695178
