episode_success,object_success,avg_soft_score,rearrange_quality,map_coverage,misplaced_objects_start,misplaced_objects_found,steps,pick_place_efficiency,success_pick_place,success_look_at,path_efficiency
0.93,0.985,0.6367,0.5245051075522802,90.19197500000001,4.06,0.9740000000000001,502.15,0.996,0.9080938505938505,0.9947875874125874,0.9215088404886128
0.025643239997624283,0.0055277079839256655,0.008317155340123188,0.009645855893079262,1.8783349430282024,0.07496800664418135,0.008013456695801644,16.26035878069016,0.0028141058827257934,0.012256027820865465,0.002845594441898168,0.009389037368406399
