episode_success,object_success,avg_soft_score,rearrange_quality,map_coverage,misplaced_objects_start,misplaced_objects_found,steps,pick_place_efficiency,success_pick_place,success_look_at,path_efficiency
0.79,0.9371666666666667,0.6495333333333335,0.7021196921453766,90.371075,4.07,0.9673333333333334,590.06,0.9529999999999998,0.9747181707181707,0.9991666666666665,0.9358597076936321
0.040936018074033236,0.01315080235930883,0.007520084592498874,0.013548765131612617,1.3163035144833286,0.08318775162367367,0.008321270730896809,19.76016715669698,0.011206359425901506,0.0056920109794372595,0.0008333333333333337,0.011000041245986882
