episode_success,object_success,avg_soft_score,rearrange_quality,map_coverage,misplaced_objects_start,misplaced_objects_found,steps,pick_place_efficiency,success_pick_place,success_look_at,path_efficiency
0.97,0.9913333333333333,0.5899166666666666,0.51422244425548,98.707375,3.85,0.9428333333333333,477.84,0.99875,0.9868802863802864,1.0,0.9806371340477424
0.01714466079977653,0.005072316538005924,0.011060982247649993,0.011290461760491298,1.4653133759080001,0.08087276451565162,0.011754730165214961,14.573434527913932,0.0012499999999999998,0.0050075356451054496,0.0,0.005034655554279647
